;asset_swap_spd_mid;px_last;yld_ytm_mid;z_sprd_mid
2022-07-12;-14.012;92.93;1.626;-16.599
2022-07-13;-12.524;92.756;1.653;-14.474
2022-07-14;-10.868;92.433;1.703;-12.968
2022-07-15;-10.983;92.676;1.666;-14.074
2022-07-18;-10.282;92.178;1.743;-13.041
2022-07-19;-11.429;91.832;1.796;-14.078
2022-07-20;-8.927;91.908;1.785;-12.016
2022-07-21;-8.652;91.952;1.78;-11.531
2022-07-22;-11.605;93.392;1.56;-15.229
2022-07-25;-9.452;93.492;1.546;-12.513
2022-07-26;-10.546;94.128;1.45;-13.426
2022-07-27;-11.508;93.986;1.472;-14.288
2022-07-28;-14.509;94.997;1.322;-17.74
2022-07-29;-14.55;95.093;1.308;-17.722
2022-08-01;-17.497;95.349;1.27;-20.834
2022-08-02;-16.226;94.906;1.336;-19.221
2022-08-03;-15.938;94.656;1.374;-19.05
2022-08-04;-18.548;95.235;1.288;-21.857
2022-08-05;-21.884;94.263;1.434;-25.269
2022-08-08;-22.003;94.572;1.388;-25.547
2022-08-09;-21.474;94.388;1.416;-24.972
2022-08-10;-20.848;94.544;1.392;-24.575
2022-08-11;-18.996;94.045;1.468;-22.557
2022-08-12;-18.361;93.945;1.484;-21.867
2022-08-15;-17.658;94.482;1.403;-21.031
2022-08-16;-15.712;94.025;1.472;-18.801
2022-08-17;-15.33;93.164;1.604;-18.114
2022-08-18;-14.854;93.042;1.624;-18.112
2022-08-19;-16.79;92.229;1.749;-20.312
2022-08-22;-18.119;91.654;1.839;-21.686
2022-08-23;;91.616;1.846;
2022-08-24;;91.215;1.909;
2022-08-25;;91.589;1.852;
2022-08-26;;90.952;1.952;
2022-08-29;;90.261;2.063;
2022-08-30;;90.237;2.067;
2022-08-31;;90.087;2.092;
2022-09-01;;90.007;2.107;
2022-09-02;;90.316;2.058;
2022-09-05;;90.023;2.105;
