;px_last;yld_ytm_mid;asset_swap_spd_mid;z_sprd_mid
2024-04-10;99.858;2.61;-6.942;-6.923
2024-04-11;99.395;2.644;-7.454;-7.391
2024-04-12;100.636;2.553;-10.151;-10.148
2024-04-15;99.518;2.635;-9.406;-9.454
2024-04-16;98.969;2.676;-10.143;-10.312
2024-04-17;99.293;2.652;-8.959;-9.086
2024-04-18;98.912;2.68;-9.527;-9.573
2024-04-19;98.934;2.678;-8.735;-8.745
2024-04-22;99.041;2.67;-9.874;-10.069
2024-04-23;98.792;2.689;-10.016;-10.238
2024-04-24;97.686;2.772;-9.725;-9.974
2024-04-25;97.226;2.807;-8.914;-9.067
2024-04-26;97.888;2.757;-7.452;-7.573
2024-04-29;98.479;2.712;-7.365;-7.501
2024-04-30;97.948;2.752;-6.553;-6.632
2024-05-02;98.526;2.709;-7.079;-7.213
2024-05-03;99.034;2.671;-7.467;-7.569
2024-05-06;99.38;2.645;-8.328;-8.465
2024-05-07;100.051;2.596;-8.159;-8.291
2024-05-08;99.501;2.636;-8.076;-8.206
2024-05-09;98.954;2.677;-7.948;-8.113
2024-05-10;98.632;2.701;-6.953;-7.121
2024-05-13;98.701;2.696;-6.66;-6.814
2024-05-14;98.172;2.735;-6.223;-6.364
2024-05-15;99.716;2.62;-6.95;-7.051
2024-05-16;99.241;2.656;-6.655;-6.725
2024-05-17;98.528;2.709;-5.767;-5.837
2024-05-20;98.357;2.722;-5.524;-5.599
2024-05-21;98.715;2.695;-5.375;-5.436
2024-05-22;98.286;2.727;-4.238;-4.263
2024-05-23;97.623;2.777;-2.188;-2.111
2024-05-24;97.799;2.764;-2.919;-2.84
2024-05-27;98.199;2.734;-3.897;-3.869
2024-05-28;97.63;2.777;-3.274;-3.155
2024-05-29;96.305;2.878;-2.038;-1.966
2024-05-30;96.751;2.844;-1.06;-0.835
2024-05-31;96.708;2.847;-1.281;-0.994
2024-06-03;97.765;2.766;-1.624;-1.465
2024-06-04;98.31;2.725;-2.456;-2.345
2024-06-05;98.64;2.701;-3.566;-3.435
2024-06-06;98.247;2.73;-3.828;-3.587
2024-06-07;97.453;2.79;-2.717;-2.424
2024-06-10;96.693;2.848;-3.251;-3.114
2024-06-11;97.119;2.816;-4.166;-4.086
2024-06-12;98.256;2.729;-4.897;-4.833
2024-06-13;98.98;2.675;-8.876;-8.689
2024-06-14;100.61;2.555;-12.932;-12.682
2024-06-17;99.875;2.609;-11.648;-11.495
2024-06-18;100.119;2.591;-11.032;-10.811
2024-06-19;99.991;2.6;-11.035;-10.844
2024-06-20;99.54;2.633;-11.114;-10.771
2024-06-21;99.648;2.625;-12.513;-12.255
2024-06-24;99.444;2.641;-11.107;-10.875
2024-06-25;99.609;2.628;-11.417;-11.216
2024-06-26;99.042;2.671;-11.036;-10.941
2024-06-27;99.1;2.666;-12.708;-12.509
2024-06-28;98.386;2.72;-10.2;-9.996
2024-07-01;97.004;2.825;-5.939;-5.766
2024-07-02;96.961;2.828;-4.392;-4.182
2024-07-03;97.603;2.779;-3.633;-3.413
2024-07-04;97.382;2.796;-4.493;-4.202
2024-07-05;98.0;2.749;-4.967;-4.667
2024-07-08;98.223;2.732;-5.59;-5.442
2024-07-09;97.687;2.773;-5.042;-4.868
2024-07-10;98.322;2.725;-5.311;-5.206
2024-07-11;99.064;2.669;-6.353;-6.14
2024-07-12;98.665;2.699;-6.369;-6.152
2024-07-15;98.929;2.679;-6.695;-6.509
2024-07-16;99.481;2.638;-7.021;-6.847
2024-07-17;99.607;2.628;-7.348;-7.119
2024-07-18;99.397;2.644;-7.346;-7.007
2024-07-19;98.907;2.681;-6.935;-6.678
2024-07-22;98.641;2.701;-5.859;-5.693
2024-07-23;99.323;2.65;-7.272;-7.161
2024-07-24;99.173;2.661;-8.57;-8.599
2024-07-25;99.554;2.632;-9.351;-9.184
2024-07-26;99.644;2.626;-8.817;-8.562
2024-07-29;100.325;2.575;-9.415;-9.303
2024-07-30;100.511;2.561;-9.672;-9.581
2024-07-31;101.043;2.522;-9.715;-9.589
2024-08-01;101.727;2.472;-11.159;-4.233
2024-08-02;102.568;2.411;-13.365;-12.699
2024-08-05;102.472;2.418;-13.165;-12.862
2024-08-06;102.369;2.426;-11.139;-10.593
2024-08-07;101.263;2.506;-8.426;-8.108
2024-08-08;101.129;2.516;-7.924;-7.459
2024-08-09;101.699;2.474;-7.934;-7.423
2024-08-12;101.652;2.478;-6.748;-6.263
2024-08-13;102.092;2.446;-6.016;-5.563
2024-08-14;102.197;2.438;-5.677;-5.133
2024-08-15;101.219;2.509;-4.613;-3.43
2024-08-16;101.432;2.494;-4.568;-3.59
2024-08-19;101.456;2.492;-3.865;-3.225
2024-08-20;101.866;2.462;-3.317;-2.689
2024-08-21;102.128;2.443;-4.006;-3.678
2024-08-22;101.415;2.495;-3.573;-3.113
2024-08-23;101.598;2.481;-4.28;-3.752
2024-08-26;101.381;2.497;-4.312;-3.937
2024-08-27;100.699;2.547;-3.097;-2.712
2024-08-28;101.046;2.522;-2.357;-1.993
2024-08-29;100.762;2.543;-2.467;-2.002
2024-08-30;100.449;2.566;-2.272;-1.668
2024-09-02;100.014;2.598;-1.625;-1.096
2024-09-03;101.015;2.524;-3.103;-2.696
2024-09-04;101.647;2.478;-4.361;-4.015
2024-09-05;101.838;2.463;-3.925;-3.471
2024-09-06;102.209;2.436;-4.4;-3.927
2024-09-09;102.191;2.438;-3.72;-3.177
2024-09-10;102.651;2.404;-4.66;-4.144
2024-09-11;102.842;2.391;-5.866;-5.496
2024-09-12;102.366;2.425;-4.545;-3.86
2024-09-13;102.312;2.429;-5.09;-4.462
2024-09-16;102.727;2.399;-4.969;-4.48
2024-09-17;102.583;2.409;-5.503;-5.023
2024-09-18;101.882;2.46;-5.003;-4.401
2024-09-19;101.596;2.481;-5.591;-5.119
2024-09-20;101.447;2.492;-4.407;-3.756
2024-09-23;101.897;2.459;-3.706;-3.289
2024-09-24;101.982;2.453;-4.84;-4.514
2024-09-25;101.702;2.473;-3.17;-2.715
2024-09-26;101.588;2.481;-3.163;-2.714
2024-09-27;102.157;2.44;-2.376;-1.974
2024-09-30;102.248;2.433;-1.836;-1.449
2024-10-01;103.545;2.339;-2.578;-2.205
2024-10-02;102.751;2.397;-1.758;-1.567
2024-10-03;102.055;2.447;-1.535;-1.186
2024-10-04;101.373;2.497;-0.711;-0.173
2024-10-07;100.802;2.539;-0.995;-0.545
2024-10-08;100.844;2.536;-0.623;-0.118
2024-10-09;100.788;2.54;-1.433;-0.874
2024-10-10;100.842;2.536;-1.729;-1.286
2024-10-11;100.707;2.546;0.343;0.86
2024-10-14;100.635;2.552;1.74;2.164
2024-10-15;101.318;2.501;1.664;1.966
2024-10-16;101.807;2.465;1.007;1.329
2024-10-17;101.349;2.499;2.174;2.51
2024-10-18;101.71;2.472;2.461;2.742
2024-10-21;100.4;2.569;4.802;5.191
2024-10-22;99.932;2.604;6.698;7.276
2024-10-23;100.018;2.598;7.529;7.916
2024-10-24;100.54;2.559;7.058;7.475
2024-10-25;100.289;2.577;9.039;9.537
2024-10-28;100.317;2.575;10.315;10.739
2024-10-29;99.754;2.618;14.005;14.566
2024-10-30;99.408;2.644;15.055;15.743
2024-10-31;99.671;2.624;16.703;17.345
2024-11-01;99.355;2.648;19.324;19.997
2024-11-04;99.816;2.613;17.406;17.889
2024-11-05;99.437;2.642;16.054;16.555
2024-11-06;99.254;2.656;20.727;21.358
2024-11-07;98.713;2.697;23.729;24.528
2024-11-08;99.856;2.61;22.058;22.614
2024-11-11;100.423;2.567;23.036;23.526
2024-11-12;100.145;2.588;22.638;23.134
2024-11-13;99.974;2.601;24.535;25.067
2024-11-14;100.369;2.571;24.876;25.445
2024-11-15;100.213;2.583;26.386;26.969
2024-11-18;100.018;2.598;25.358;26.033
2024-11-19;100.515;2.56;22.299;22.829
2024-11-20;100.38;2.571;19.863;20.295
2024-11-21;100.699;2.547;17.919;18.25
2024-11-22;101.472;2.489;17.967;18.237
2024-11-25;102.069;2.445;16.704;17.062
2024-11-26;102.303;2.428;14.27;14.675
2024-11-27;102.846;2.388;13.138;13.418
2024-11-28;103.209;2.362;12.584;12.871
2024-11-29;103.711;2.325;12.598;12.868
2024-12-02;104.473;2.27;12.264;12.136
2024-12-03;104.271;2.285;15.333;15.369
2024-12-04;104.12;2.296;15.51;15.614
2024-12-05;103.505;2.34;16.631;16.849
2024-12-06;103.483;2.341;18.024;18.22
2024-12-09;103.157;2.365;19.403;19.718
2024-12-10;103.12;2.368;18.655;18.777
2024-12-11;102.908;2.383;19.121;19.443
2024-12-12;101.904;2.457;19.398;19.947
2024-12-13;101.31;2.501;20.068;20.737
2024-12-16;101.365;2.497;21.696;22.205
2024-12-17;101.66;2.475;21.368;21.771
2024-12-18;101.46;2.49;19.94;20.293
2024-12-19;100.717;2.545;19.273;19.918
2024-12-20;100.953;2.528;19.024;19.738
2024-12-23;100.511;2.561;18.988;19.822
2024-12-24;100.511;2.561;19.182;20.093
2024-12-25;100.511;2.561;19.219;20.094
2024-12-27;99.511;2.636;20.141;21.147
2024-12-30;99.965;2.602;19.085;19.957
2024-12-31;99.965;2.602;19.278;20.154
2025-01-01;99.965;2.602;19.393;20.184
2025-01-02;99.655;2.625;18.886;19.869
2025-01-03;99.117;2.667;19.949;21.085
2025-01-06;98.841;2.688;19.526;20.519
2025-01-07;98.29;2.73;19.571;20.521
2025-01-08;97.735;2.773;20.334;21.302
2025-01-09;97.508;2.791;21.196;22.271
2025-01-10;97.207;2.815;21.875;23.071
2025-01-13;96.917;2.838;21.92;23.009
2025-01-14;96.392;2.879;22.099;23.156
2025-01-15;97.449;2.796;22.489;23.484
2025-01-16;97.637;2.781;22.818;23.836
2025-01-17;97.855;2.764;22.897;23.943
2025-01-20;97.917;2.76;22.648;23.653
2025-01-21;98.167;2.74;22.39;23.439
2025-01-22;97.869;2.763;23.342;24.476
2025-01-23;97.602;2.784;24.121;25.402
2025-01-24;97.436;2.797;24.335;25.693
2025-01-27;97.883;2.762;22.425;23.546
2025-01-28;97.531;2.79;22.705;23.935
2025-01-29;97.242;2.813;22.598;23.857
2025-01-30;97.917;2.76;23.047;24.234
2025-01-31;98.558;2.71;24.169;25.22
2025-02-03;99.591;2.631;23.602;24.356
2025-02-04;99.448;2.642;24.532;25.552
2025-02-05;99.946;2.603;24.239;25.138
2025-02-06;99.791;2.615;24.676;25.701
2025-02-07;99.786;2.616;25.494;26.573
2025-02-10;99.911;2.606;25.543;26.438
2025-02-11;98.97;2.678;25.332;26.428
2025-02-12;98.485;2.716;24.92;26.134
2025-02-13;99.236;2.658;22.236;23.191
2025-02-14;99.122;2.667;20.013;20.931
2025-02-17;98.353;2.726;22.863;24.0
2025-02-18;98.319;2.729;22.821;23.986
2025-02-19;97.554;2.789;24.049;25.502
2025-02-20;97.853;2.765;22.781;24.247
2025-02-21;98.737;2.697;21.059;22.263
2025-02-24;98.516;2.714;22.34;23.617
2025-02-25;98.76;2.695;23.237;24.503
2025-02-26;99.066;2.671;23.24;24.51
2025-02-27;99.16;2.664;23.271;24.548
2025-02-28;99.151;2.665;23.261;24.667
2025-03-03;97.983;2.756;25.188;27.013
2025-03-04;97.667;2.78;26.248;27.967
2025-03-05;94.31;3.05;31.064;33.81
2025-03-06;94.049;3.072;30.157;32.822
2025-03-07;93.8;3.092;28.933;31.519
2025-03-10;93.804;3.092;28.308;30.844
2025-03-11;93.062;3.154;27.887;30.935
2025-03-12;93.313;3.133;29.535;32.28
2025-03-13;93.368;3.129;29.109;31.801
2025-03-14;93.05;3.155;27.181;30.157
2025-03-17;93.882;3.086;26.386;28.939
2025-03-18;93.904;3.084;26.764;29.582
2025-03-19;94.154;3.064;27.141;29.744
2025-03-20;94.261;3.055;26.814;29.408
2025-03-21;94.311;3.051;25.483;28.057
2025-03-24;94.207;3.06;25.361;27.801
2025-03-25;93.94;3.082;24.67;27.149
2025-03-26;93.953;3.081;24.271;26.734
2025-03-27;94.074;3.071;24.407;26.863
2025-03-28;94.563;3.031;23.528;25.894
2025-03-31;94.586;3.029;23.859;26.245
2025-04-01;95.261;2.974;24.052;26.323
2025-04-02;94.836;3.009;25.044;27.412
2025-04-03;95.47;2.957;25.432;27.799
2025-04-04;96.269;2.893;20.704;22.629
2025-04-07;95.849;2.927;18.966;20.659
2025-04-08;95.688;2.94;21.675;23.84
2025-04-09;96.27;2.893;17.173;18.62
2025-04-10;96.315;2.889;21.502;23.532
2025-04-11;96.777;2.852;18.261;19.732
2025-04-14;97.255;2.814;20.343;21.826
2025-04-15;96.873;2.845;18.53;20.026
2025-04-16;97.052;2.831;17.131;18.617
2025-04-17;97.403;2.803;16.829;18.188
2025-04-18;97.403;2.803;16.741;18.082
2025-04-22;97.831;2.769;16.899;17.993
2025-04-23;97.152;2.823;20.793;22.38
2025-04-24;97.683;2.781;19.614;20.913
2025-04-25;97.466;2.798;20.67;22.064
2025-04-28;96.758;2.855;20.955;22.516
2025-04-29;96.982;2.837;21.601;23.133
2025-04-30;97.65;2.784;20.393;21.702
2025-05-02;96.535;2.873;22.867;24.519
2025-05-05;96.619;2.866;23.464;25.117
2025-05-06;96.288;2.893;24.04;25.814
2025-05-07;97.142;2.824;23.704;25.224
2025-05-08;96.303;2.892;24.588;26.372
2025-05-09;95.948;2.921;25.282;27.191
2025-05-12;95.056;2.993;27.325;29.528
2025-05-13;94.568;3.034;27.174;29.467
2025-05-14;94.437;3.044;26.036;28.229
2025-05-15;95.411;2.965;25.63;27.559
2025-05-16;95.773;2.935;24.617;26.417
2025-05-19;95.829;2.931;23.926;25.807
2025-05-20;95.408;2.965;22.931;24.887
2025-05-21;94.865;3.009;22.796;24.917
2025-05-22;94.82;3.013;21.515;23.607
2025-05-23;95.644;2.946;20.194;21.673
2025-05-26;95.846;2.929;20.778;22.255
2025-05-27;96.414;2.883;20.868;22.387
2025-05-28;96.178;2.903;19.194;20.71
2025-05-29;96.779;2.854;17.48;18.81
2025-05-30;96.927;2.842;16.485;17.687
2025-06-02;96.616;2.867;16.614;17.854
2025-06-03;96.614;2.867;16.548;17.743
2025-06-04;96.723;2.859;15.863;17.021
2025-06-05;96.17;2.904;15.882;17.24
2025-06-06;96.25;2.897;15.02;16.339
2025-06-09;96.25;2.897;15.017;16.238
2025-06-10;96.779;2.854;14.306;15.447
2025-06-11;96.5;2.877;14.642;15.812
2025-06-12;97.329;2.81;12.751;13.779
2025-06-13;96.614;2.868;14.495;15.692
2025-06-16;96.685;2.862;13.781;14.871
2025-06-17;96.637;2.866;13.909;14.929
2025-06-18;97.122;2.827;13.626;14.625
2025-06-19;96.816;2.852;12.79;13.887
2025-06-20;96.849;2.849;13.174;14.324
2025-06-23;96.982;2.838;13.534;14.616
2025-06-24;96.383;2.887;14.625;15.811
2025-06-25;96.094;2.91;15.211;16.475
2025-06-26;95.954;2.922;14.46;15.743
2025-06-27;95.829;2.932;14.93;16.285
2025-06-30;95.544;2.955;14.724;15.955
2025-07-01;96.027;2.916;14.979;16.135
2025-07-02;95.389;2.968;16.322;17.721
2025-07-03;95.936;2.924;15.008;16.324
2025-07-04;95.938;2.923;14.28;15.572
2025-07-07;95.503;2.959;15.363;16.707
2025-07-08;94.914;3.008;15.949;17.416
2025-07-09;95.078;2.994;16.123;17.466
2025-07-10;94.625;3.032;17.661;19.18
2025-07-11;94.359;3.054;17.136;18.683
2025-07-14;94.207;3.067;15.736;17.006
2025-07-15;94.395;3.051;15.798;17.053
2025-07-16;94.652;3.03;15.051;16.281
2025-07-17;94.857;3.013;15.183;16.49
2025-07-18;94.567;3.037;15.128;16.539
2025-07-21;95.554;2.956;14.494;15.626
2025-07-22;95.82;2.934;13.329;14.389
2025-07-23;95.193;2.985;13.094;14.166
2025-07-24;94.645;3.031;15.066;16.521
2025-07-25;94.448;3.048;15.963;17.474
2025-07-28;94.673;3.029;16.038;17.232
2025-07-29;94.482;3.045;15.672;16.949
2025-07-30;94.506;3.043;15.613;16.902
2025-07-31;94.743;3.023;15.51;16.883
2025-08-01;94.822;3.017;15.076;16.399
2025-08-04;95.488;2.962;15.073;16.186
2025-08-05;95.463;2.964;15.48;16.63
2025-08-06;95.086;2.995;16.216;17.436
2025-08-07;95.425;2.967;15.932;17.169
2025-08-08;94.665;3.03;16.914;18.345
2025-08-11;94.488;3.045;17.683;19.138
2025-08-12;93.802;3.103;18.822;20.405
2025-08-13;94.599;3.036;17.754;19.123
2025-08-14;94.185;3.071;18.133;19.628
2025-08-15;93.29;3.147;18.784;20.489
2025-08-18;93.503;3.129;19.737;21.413
2025-08-19;93.693;3.112;19.635;21.268
2025-08-20;94.06;3.082;19.274;20.869
2025-08-21;93.636;3.118;18.851;20.656
2025-08-22;94.005;3.086;19.169;21.0
2025-08-25;93.634;3.118;18.031;19.728
2025-08-26;93.953;3.091;17.848;19.501
2025-08-27;94.152;3.074;18.131;19.765
2025-08-28;94.236;3.067;18.493;20.198
2025-08-29;93.848;3.1;18.922;20.703
2025-09-01;93.581;3.123;19.343;21.123
2025-09-02;93.04;3.169;19.783;21.683
2025-09-03;93.593;3.122;19.86;21.634
2025-09-04;93.784;3.106;19.928;21.745
2025-09-05;94.323;3.061;18.776;20.411
2025-09-08;94.661;3.032;19.26;20.792
2025-09-09;94.479;3.048;18.782;20.306
2025-09-10;94.592;3.038;18.564;20.054
2025-09-11;94.685;3.031;19.575;21.197
2025-09-12;94.108;3.079;18.884;20.58
2025-09-15;94.451;3.05;18.805;20.415
2025-09-16;94.377;3.057;18.642;20.289
2025-09-17;94.756;3.025;18.969;20.572
2025-09-18;93.941;3.094;19.281;21.069
2025-09-19;93.652;3.118;20.273;22.178
2025-09-22;93.532;3.129;20.214;22.056
2025-09-23;93.612;3.122;19.524;21.331
2025-09-24;93.642;3.119;18.354;20.052
2025-09-25;93.476;3.134;18.618;20.397
2025-09-26;93.729;3.112;17.814;19.456
2025-09-29;94.215;3.071;18.446;20.021
2025-09-30;94.145;3.077;18.288;19.901
2025-10-01;94.062;3.084;18.451;20.153
2025-10-02;94.282;3.066;17.116;18.73
2025-10-03;94.316;3.063;16.909;18.474
2025-10-06;94.009;3.089;16.764;18.267
2025-10-07;94.091;3.082;16.86;18.352
2025-10-08;94.464;3.051;17.182;18.651
2025-10-09;94.225;3.071;17.033;18.575
2025-10-10;94.908;3.014;15.633;16.966
2025-10-13;94.965;3.009;15.676;16.926
2025-10-14;95.313;2.98;15.234;16.406
2025-10-15;95.828;2.937;14.019;15.094
2025-10-16;95.752;2.943;14.441;15.593
2025-10-17;95.571;2.958;14.562;15.718
2025-10-20;95.655;2.952;14.998;16.12
2025-10-21;96.021;2.921;14.955;15.994
2025-10-22;95.846;2.936;14.218;15.261
2025-10-23;95.614;2.955;14.328;15.441
2025-10-24;95.13;2.996;14.978;16.197
2025-10-27;95.306;2.981;15.953;17.119
2025-10-28;95.24;2.987;15.504;16.637
2025-10-29;95.27;2.984;15.293;16.409
2025-10-30;95.055;3.002;14.864;16.0
2025-10-31;95.046;3.003;14.119;15.204
2025-11-03;94.649;3.037;14.381;15.494
2025-11-04;94.801;3.024;14.116;15.201
2025-11-05;94.574;3.043;14.357;15.491
2025-11-06;94.837;3.021;14.114;15.204
2025-11-07;94.588;3.042;12.867;13.895
2025-11-10;94.63;3.039;13.322;14.359
2025-11-11;94.747;3.029;12.774;13.758
2025-11-12;95.007;3.007;11.282;12.131
2025-11-13;94.483;3.051;10.436;11.244
2025-11-14;94.078;3.086;10.258;11.134
2025-11-17;94.173;3.078;9.581;10.389
2025-11-18;94.151;3.08;9.157;9.883
2025-11-19;94.024;3.091;9.029;9.782
2025-11-20;93.868;3.104;9.908;10.844
2025-11-21;93.938;3.098;10.62;11.648
2025-11-24;94.152;3.08;9.922;10.867
2025-11-25;94.413;3.058;9.205;10.071
2025-11-26;94.389;3.06;8.881;9.751
2025-11-27;94.26;3.071;9.183;10.13
2025-11-28;94.154;3.08;8.489;9.416
2025-12-01;93.434;3.142;9.814;10.826
2025-12-02;93.478;3.139;10.319;11.379
2025-12-03;93.474;3.139;10.737;11.868
2025-12-04;93.251;3.158;11.151;12.336
2025-12-05;92.934;3.186;10.991;12.118
2025-12-08;92.376;3.235;10.604;11.664
2025-12-09;92.424;3.231;9.773;10.691
2025-12-10;92.462;3.227;10.56;11.564
2025-12-11;92.53;3.222;10.206;11.208
2025-12-12;92.283;3.243;9.197;10.155
2025-12-15;92.351;3.237;8.25;9.051
2025-12-16;92.44;3.23;7.455;8.185
2025-12-17;92.206;3.25;7.6;8.454
2025-12-18;92.315;3.241;7.918;8.915
2025-12-19;91.761;3.29;8.607;9.731
2025-12-22;91.772;3.289;8.26;9.238
2025-12-23;92.214;3.251;7.128;8.135
2025-12-24;92.214;3.251;6.995;8.041
2025-12-25;92.214;3.251;6.854;7.849
2025-12-29;92.592;3.218;5.695;6.407
2025-12-30;92.352;3.239;6.262;7.089
2025-12-31;92.352;3.239;7.036;8.055
2026-01-01;92.352;3.239;7.071;8.053
2026-01-02;91.753;3.292;7.733;8.858
2026-01-05;92.124;3.259;8.105;9.159
2026-01-06;92.469;3.229;7.523;8.489
2026-01-07;92.745;3.205;8.693;9.75
2026-01-08;92.548;3.223;9.165;10.32
2026-01-09;92.602;3.218;9.679;10.876
2026-01-12;92.901;3.192;11.196;12.348
2026-01-13;92.765;3.204;10.852;11.936
2026-01-14;93.146;3.171;9.997;10.946
2026-01-15;93.141;3.172;10.879;12.029
2026-01-16;92.952;3.188;11.231;12.418
2026-01-19;92.787;3.203;11.214;12.263
2026-01-20;92.557;3.223;11.272;12.367
2026-01-21;92.256;3.249;10.953;12.044
2026-01-22;92.317;3.244;9.902;11.001
2026-01-23;92.115;3.262;10.285;11.409
2026-01-26;92.539;3.225;9.813;10.756
2026-01-27;92.405;3.237;10.162;11.149
2026-01-28;92.518;3.227;10.516;11.529
2026-01-29;92.647;3.216;10.619;11.731
2026-01-30;92.575;3.222;11.44;12.606
2026-02-02;92.311;3.246;11.784;12.945
2026-02-03;92.069;3.267;11.726;12.878
2026-02-04;92.366;3.241;11.506;12.568
2026-02-05;92.564;3.224;11.503;12.616
2026-02-06;92.511;3.229;11.868;13.098
2026-02-09;92.483;3.231;12.325;13.602
2026-02-10;92.594;3.222;12.431;13.77
